{
  "height": 62.249240121580549,
  "tabOrder": 2000,
  "width": 292.7659574468085,
  "x": 474.55479084369648,
  "y": 35.541503615207205,
  "z": 2000
}