{
  "height": 51.785714285714278,
  "tabOrder": 1000,
  "width": 424.10714285714283,
  "x": 16.964285714285712,
  "y": 15.178571428571427,
  "z": 1000
}