{
  "height": 555.73667711598739,
  "width": 432.01671891327061,
  "x": 15.381400208986415,
  "y": 163.8453500522466,
  "z": 0
}