{
  "height": 286.43356643356645,
  "tabOrder": 6000,
  "width": 617.62237762237771,
  "x": 13.923853923853924,
  "y": 127.30380730380732,
  "z": 6000
}