{
  "visual_count_target": 37,
  "native_visual_types": [
    "cardVisual",
    "slicer",
    "lineChart",
    "columnChart",
    "barChart",
    "waterfallChart",
    "tableEx",
    "textbox"
  ],
  "latest_month_snapshot": {
    "actual_revenue": 46084829.56,
    "actual_cogs": 27300829.560000002,
    "standard_cogs": 25551467.32,
    "cost_variance": 1749362.240000002,
    "gross_margin": 18784000.0,
    "gross_margin_pct": 0.4075961694844554,
    "good_units": 645110.0,
    "produced_units": 666238.0,
    "yield_pct": 0.9682876089325436,
    "scrap_rate": 0.031706387206974086,
    "unit_cost": 42.319650230193304,
    "utilization_pct": 0.6129424675445969,
    "inventory_value": 24341039.77,
    "inventory_days": 26.747582577853358,
    "material_variance": 909460.27,
    "labor_variance": 98415.37,
    "overhead_variance": 47667.780000000006,
    "yield_loss_cost": 693818.7,
    "capacity_gap_units": 2763.0,
    "slow_moving_inventory_value": 2800971.84,
    "mom_gross_margin_growth": -0.022077810621804927,
    "mom_cost_variance_growth": 0.11647433001685886
  }
}