{
  "height": 89.523809523809518,
  "width": 425.71428571428572,
  "x": 771.22385402759244,
  "y": 40.943480195816655,
  "z": 2000
}