{
  "height": 578.69158878504675,
  "width": 1249.3457943925234,
  "x": 10.467289719626169,
  "y": 141.30841121495328,
  "z": 0
}