{
  "height": 644.20131291028451,
  "width": 1280,
  "x": 0,
  "y": 75.623632385120359,
  "z": 0
}