{
  "height": 80,
  "width": 335.23809523809524,
  "x": 435.98575878949708,
  "y": 40.943480195816655,
  "z": 1000
}