{
  "height": 286.43356643356645,
  "tabOrder": 5000,
  "width": 617.62237762237771,
  "x": 640.4972804972806,
  "y": 127.30380730380732,
  "z": 5000
}