{
  "height": 79.824561403508781,
  "tabOrder": 4000,
  "width": 224.56140350877195,
  "x": 14.035087719298247,
  "y": 18.421052631578949,
  "z": 4000
}