{
  "height": 101.65099268547544,
  "width": 490.86729362591433,
  "x": 371.15987460815046,
  "y": 20.062695924764888,
  "z": 2000
}