{
  "height": 67.676767676767682,
  "width": 300,
  "x": 0,
  "y": 7.0707070707070709,
  "z": 1000
}