{
  "height": 555.73667711598739,
  "width": 472.8108672936259,
  "x": 470.13584117032394,
  "y": 163.8453500522466,
  "z": 1000
}