{
  "height": 640,
  "width": 1251.4380165289256,
  "x": 9.5206611570247937,
  "y": 80.396694214876035,
  "z": 0
}