{
  "height": 62.787068004459307,
  "tabOrder": 3000,
  "width": 194.06911928651058,
  "x": 267.49438121529425,
  "y": 35.395841896927536,
  "z": 3000
}