{
  "height": 644.33408577878106,
  "width": 1280,
  "x": 0,
  "y": 75.124153498871337,
  "z": 0
}