{
  "height": 290.50341440038335,
  "tabOrder": 1000,
  "width": 1234.6395112016294,
  "x": 13.740026356774889,
  "y": 413.50936464198713,
  "z": 1000
}