ModelPortfolio,Benchmark,TotalAUM,NetNewMoney,PortfolioReturnPct,BenchmarkReturnPct,AlphaPct
Balanced Core,60/40 Global Blend,291040688.54,1206844.37,0.020275,0.020592,-0.000317
Growth Builder,80/20 Global Blend,262021557.34,3069303.98,0.025969,0.025465,0.000504
Income Shield,40/60 Global Blend,184906672.86,-2001854.57,0.014677,0.014238,0.000439
Equity Edge,Global Equity 90,73084157.63,675308.16,0.028489,0.029293,-0.000804
