ClientSegment,TotalAUM,NetNewMoney,AdvisoryRevenue,ActiveClients,PortfolioReturnPct,BenchmarkReturnPct,RiskMismatchClients,ChurnRiskAUM
HNW,328349661.39,-998874.66,158702.33,188,0.021684,0.02144,36,2919677.54
UHNW,264159290.25,4617272.27,162898.22,43,0.021573,0.021492,9,0.0
Mass Affluent,123163371.65,-322947.76,43107.2,308,0.021176,0.021499,48,694797.26
Retirement,78178544.95,-127896.26,24756.57,102,0.021636,0.021788,18,1131588.42
Digital Starter,17202208.13,-217951.65,4157.23,219,0.022273,0.021537,38,131437.64
