{
  "height": 77.142857142857139,
  "width": 395.23809523809524,
  "x": 25.714285714285712,
  "y": 49.523809523809518,
  "z": 3000
}