{
  "height": 76.907001044932073,
  "width": 387.87878787878788,
  "x": 15.381400208986415,
  "y": 20.062695924764888,
  "z": 3000
}