AssetClass,AllocationAmount,AllocationPct,BenchmarkPct
Equity,495796897.98,0.6113001880183079,0.6157558139534883
Fixed Income,220638253.37,0.2720392288024215,0.2710232558139535
Alternatives,50569907.17,0.062350922095394785,0.06402325581395349
Cash,31275299.48,0.038561347459709426,0.0372906976744186
Crypto,12772718.21,0.015748313624166385,0.011906976744186048
